,Messstelle,LQI<sub>BW</sub>,NO<sub>2</sub> [µg/m<sup>3</sup>],O<sub>3</sub> [µg/m<sup>3</sup>],PM<sub>10</sub> [µg/m<sup>3</sup>],"PM<sub>2,5</sub> [µg/m<sup>3</sup>]",Kategorie,Reg.-Bez.,extra_0,extra_1,extra_2,extra_3
0,Aalen,2.0,2,2,12.0,1.0,12.0,12,9.0,9,städt. Hgr.,S
1,Baden-Baden,1.0,1,2,8.0,1.0,10.0,10,6.0,6,städt. Hgr.,KA
2,Bernhausen,2.0,2,2,11.0,,13.0,13,8.0,8,städt. Hgr.,S
3,Biberach,2.0,2,2,16.0,2.0,13.0,13,10.0,10,städt. Hgr.,TÜ
4,Eggenstein,1.0,1,2,9.0,7.0,8.0,8,5.0,5,städt. Hgr.,KA
5,Freiburg,2.0,2,2,22.0,8.0,12.0,12,8.0,8,städt. Hgr.,FR
6,Freiburg Schwarzwaldstraße,1.0,1,2,13.0,,11.0,11,7.0,7,Verkehr,FR
7,Friedrichshafen,2.0,2,2,12.0,12.0,12.0,12,9.0,9,städt. Hgr.,TÜ
8,Gärtringen,1.0,1,2,4.0,2.0,8.0,8,5.0,5,städt. Hgr.,S
9,Heidelberg,1.0,2,2,17.0,9.0,10.0,10,7.0,7,städt. Hgr.,KA
10,Heilbronn,1.0,2,3,14.0,1.0,8.0,8,5.0,5,städt. Hgr.,S
11,Heilbronn Weinsberger Straße-Ost,1.0,2,3,16.0,,,,,,Verkehr,S
12,Karlsruhe Reinhold-Frank-Straße,1.0,2,2,11.0,,9.0,9,7.0,7,Verkehr,KA
13,Karlsruhe-Nordwest,1.0,1,2,10.0,20.0,9.0,9,6.0,6,städt. Hgr.,KA
14,Kehl,2.0,3,3,25.0,12.0,15.0,15,11.0,11,städt. Hgr.,FR
15,Konstanz,2.0,2,3,9.0,15.0,13.0,13,9.0,9,städt. Hgr.,
16,Ludwigsburg,1.0,2,2,17.0,2.0,12.0,12,8.0,8,städt. Hgr.,S
17,Ludwigsburg Schlossstraße,2.0,3,3,19.0,,14.0,14,8.0,8,Spot (kontinuierlich),S
18,Mannheim Friedrichsring,2.0,3,3,26.0,,13.0,13,8.0,8,Verkehr,KA
19,Mannheim-Nord,1.0,2,2,19.0,19.0,10.0,10,7.0,7,städt. Hgr.,KA
20,Neuenburg,2.0,2,3,13.0,3.0,14.0,14,10.0,10,städt. Hgr.,FR
21,Pforzheim,2.0,2,2,7.0,0.0,13.0,13,8.0,8,städt. Hgr.,KA
22,Pforzheim Luisenstraße,2.0,2,3,11.0,,13.0,13,9.0,9,Spot (kontinuierlich),KA
23,Reutlingen,2.0,2,2,13.0,3.0,12.0,12,9.0,9,städt. Hgr.,TÜ
24,Reutlingen Lederstraße-Ost,2.0,2,3,16.0,,13.0,13,9.0,9,Verkehr,TÜ
25,Schramberg Oberndorfer Straße,1.0,1,2,7.0,,,,,,Verkehr,FR
26,Schwarzwald-Süd,,3,3,,,,8,,5,ländl. Hgr.,FR
27,Schwäbisch Hall,1.0,2,2,9.0,1.0,10.0,10,7.0,7,städt. Hgr.,S
28,Schwäbische Alb,2.0,2,2,4.0,51.0,12.0,12,9.0,9,ländl. Hgr.,TÜ
29,Stuttgart Hauptstätter Straße,2.0,2,2,13.0,,13.0,13,9.0,9,Spot (kontinuierlich),S
30,Stuttgart Hohenheimer Straße,1.0,2,2,16.0,,,,,,Spot (kontinuierlich),S
31,Stuttgart-Bad Cannstatt,1.0,1,2,18.0,2.0,11.0,11,8.0,8,städt. Hgr.,S
32,Tauberbischofsheim,1.0,1,2,5.0,7.0,6.0,6,4.0,4,städt. Hgr.,S
33,Tübingen Mühlstraße,2.0,2,2,11.0,,13.0,13,8.0,8,Spot (kontinuierlich),TÜ
34,Ulm,2.0,2,2,9.0,9.0,14.0,14,11.0,11,städt. Hgr.,TÜ
35,Villingen-Schwenningen,1.0,1,3,10.0,1.0,9.0,9,6.0,6,städt. Hgr.,FR
36,Weil am Rhein,2.0,2,3,12.0,16.0,13.0,13,8.0,8,städt. Hgr.,FR
37,Wiesloch,1.0,2,3,11.0,27.0,5.0,5,3.0,3,städt. Hgr.,KA
